Date,XLF,XLE,XLU,XLI,XLP,XLK,XLV,XLB,XLY,XRT,XOP,XHB
2021-01-04,0.0,0.007745759687305423,0.04966387065074432,0.0,0.3537090336905228,0.1157688771908362,0.3137548403569651,0.006063213095706351,0.12916848843256254,0.0,0.000305337532719126,0.023820579362638365
2021-01-05,0.0,0.0,0.03645612971644661,3.185750176694405e-18,0.40313482915666893,0.05930905753577321,0.3714885228657273,0.001701082271804167,0.09941934454607922,5.03192676590137e-19,8.791274947816314e-19,0.028491033907500532
2021-01-06,0.0,4.264373741764791e-18,0.03872246419905109,1.3366535488872132e-18,0.4391448592237167,0.03462714164100301,0.39361710663015886,0.0044555795908810866,0.08296633645588687,0.0,3.813838008052466e-18,0.006466512259302377
2021-01-07,2.9044748908918403e-17,0.0,2.468871468063912e-17,2.230174747092094e-18,0.4574739114799142,0.02367205432300224,0.42094230423480705,7.54591245400425e-18,0.09791172996227651,2.3366373576969404e-18,0.0,0.0
2021-01-08,1.5745606192904936e-19,0.0,0.0014322962748444107,1.6749756513839234e-18,0.4642374664353637,0.008089181662777063,0.42865743388132566,3.590929190022563e-19,0.09758362174568919,1.8486116104263774e-18,0.0,4.324817668265095e-18
2021-01-11,0.0,1.3425132034435457e-17,0.035297852621378356,0.0,0.4498345206436354,6.951661143855758e-18,0.4196932316827115,2.42861286636753e-17,0.09517439505227482,0.0,6.273782976632446e-18,2.6574672879568985e-18
2021-01-12,0.0,1.9615653577377175e-17,0.057014132572970624,0.0,0.44871761138999977,1.6191470258173791e-18,0.4078196515053918,0.0,0.08644860453163783,0.0,1.6255319987400218e-17,7.716770252374668e-19
2021-01-13,4.486613069163528e-18,0.0,0.06760719447174718,0.0,0.437490145880727,1.8012437258409383e-18,0.40199317162440157,0.0,0.09290948802312417,0.0,0.0,0.0
2021-01-14,7.993972979896387e-18,0.0,0.23842506627103385,2.756681012016852e-19,0.3271710930541667,0.04578065088701847,0.3071953264633404,0.0,0.08142786332444066,0.0,0.0,0.0
2021-01-15,0.0,1.1621458803881229e-18,0.14171687656048118,0.0,0.34501934013639934,0.04214384827157211,0.35967599709913983,2.205266813243134e-18,0.1085946327460143,0.0,1.2575592832888378e-18,0.0028493051863932826
2021-01-19,0.0,1.756223510884128e-18,0.2190681676481768,1.4876586551037123e-18,0.292649605613203,0.08098996603620544,0.2975411138494087,6.487865797461558e-20,0.08401041143372208,0.0,0.0,0.025740735419283886
2021-01-20,0.0,6.744914521437879e-19,0.2123832192714238,8.67302214812572e-19,0.2894295727170763,0.0904666968354586,0.29484169839704183,5.481701034736666e-18,0.08455158913963955,0.0,0.00156405552751272,0.02676316811184702
2021-01-21,1.0015430583626918e-18,0.0,0.18943842981240644,0.0,0.2871274552588881,0.10134389382373797,0.29712590886449425,2.3761670479324455e-18,0.09052924957152791,0.0,0.008102654283000145,0.026332408385945145
2021-01-22,0.0,0.008517899922193414,0.17147625544970782,7.37257477290143e-18,0.28373096961891286,0.10480666898129276,0.3012098643109183,0.0,0.09907883750834595,1.463672932855431e-18,0.007826128852750339,0.023353375355878694
2021-01-25,0.0018317325312792918,0.010159488383126063,0.19094526249713858,0.024438554775310734,0.27630490081990117,0.10518397712244039,0.29133578021002804,1.3417001884508117e-18,0.08823682618719414,6.911788849595091e-19,0.009495377954615657,0.0020680995189660285
2021-01-26,0.0,0.016693143652467234,0.18467939518184892,1.5386211258062023e-18,0.274533844419909,0.0838878781056976,0.3202031861010753,6.8627113126411295e-19,0.09579293768463595,2.7174249053779036e-18,0.002304465412587822,0.021905149441778293
2021-01-27,1.5023145875440407e-18,0.027727085349176235,0.210451086076378,0.004351864931908988,0.2697195142250789,0.10330093304274227,0.30875466403535035,0.0,0.07024845609769306,4.3319604152212046e-18,0.0,0.00544639624167233
2021-01-28,0.0,0.02855546139359296,0.23171909739874152,0.0125707797842913,0.2640940947688141,0.07392715786880473,0.3247604164598594,2.168404344971009e-19,0.05124093079567961,6.902635658969805e-19,2.182385652980224e-18,0.013132061530216461
2021-01-29,0.0,0.024264707112680618,0.29801862776975746,0.0,0.24838512475131103,0.07750958132006053,0.26035541793116235,0.05088217890880499,0.02399314240588323,0.0,0.0,0.016591219800339656
2021-02-01,0.0,0.026580767045807505,0.3345246599462789,0.0,0.24423840101193978,0.054102023321403334,0.25452877637410953,0.06243838529772484,0.015117308295242214,2.144929292798623e-18,0.0,0.008469678707493952
2021-02-02,1.1633219332899533e-18,0.03778561542195064,0.35329349828234685,0.010603802410591789,0.24514149214583122,0.03637897772758148,0.2443194146818174,0.07247719932988074,3.3226516552730105e-19,1.1374558599674016e-19,0.0,1.9195287050720416e-19
2021-02-03,6.885608577545384e-19,0.03842075729586492,0.3649814727070901,0.023232448872249085,0.2427539431655571,0.030281686003950523,0.2316924993948334,0.06657397065078319,7.6528589381587665e-19,0.0,0.00038137927499784383,0.0016818426346737253
2021-02-04,2.6603487685970394e-19,0.0026250851543441205,0.39013800529475456,0.031055903607380565,0.2374031456907251,0.02873228880332266,0.21192213934972415,0.05443642939317841,0.009911543201385709,0.0,0.02892011420510463,0.004855345300080132
2021-02-05,0.024642584581406595,8.673617379884035e-19,0.3776082667795772,0.04015505157860219,0.24112822268517586,0.030734329464575952,0.20362686464839524,0.04662903752064201,0.010897111002631096,0.0,0.024578531738993808,1.8973538018496328e-19
2021-02-08,0.02910689154837766,8.673617379884035e-19,0.35035314099120235,0.05520859789734113,0.24391903316918523,0.03945558236300173,0.20225050659446164,0.05196955506495851,0.0021265436976534327,0.0,0.022318222421626323,0.0032919262521919094
2021-02-09,0.04850474755602316,0.006794661410254124,0.31513512150356915,0.06867735680774885,0.24022021041126834,0.05466194873226541,0.19317826746292158,0.057019264752171214,0.00010135924443462334,0.0,0.015707062119343484,3.469446951953614e-18
2021-02-10,0.057793992263519806,0.019246051827879723,0.2868438688385166,0.07016762556120801,0.2351115368642783,0.07139293646334498,0.19022542319764282,0.06709059239542053,0.0,4.336808689942018e-19,0.002127972588189253,0.0
2021-02-11,0.0536155628778663,0.01077240753236276,0.28613695462445177,0.05710860432117967,0.24677049163889,0.0809681573916804,0.19385774941469666,0.06609014295162759,0.0,2.439454888092385e-19,0.004679929247244944,1.4270811095340452e-17
2021-02-12,0.04865626830025987,0.011917191896310866,0.28711694099129537,0.04155689325118758,0.24632870494327996,0.08678740538551966,0.1995340181864696,0.07230393624671824,0.0057986407989589804,0.0,9.215718466126788e-19,3.415236843329339e-18
2021-02-16,0.04856239809602535,0.0025954182846485386,0.2716837262594241,0.035983426226207475,0.24968759165367285,0.09681383835434511,0.2039415742619806,0.07657563553633445,0.01415639132736139,0.0,6.505213034913027e-19,0.0
2021-02-17,0.043158303152752854,0.003858949978352855,0.26883717778016003,0.022857813575296055,0.24663818657849565,0.10015216569556125,0.22860822225716082,0.06876430257401502,0.01712487840820561,0.0,0.0,2.168404344971009e-19
2021-02-18,0.030835709541321817,0.006922421963263977,0.26485015381966864,0.014028796877108719,0.24568647518184064,0.10411394992082952,0.23983212774574303,0.066739299828969,0.026991065121254744,2.8189256484623115e-18,0.0,8.673617379884035e-19
2021-02-19,0.031370984586893476,0.009035740568586397,0.2626273317533902,0.0,0.25115051112769105,0.1036296311366819,0.25215600683999456,0.061289901584934386,0.02873989240182808,2.6020852139652106e-18,4.336808689942018e-19,0.0
2021-02-22,0.013568241398657734,0.012699588914596403,0.26127714379007094,0.0,0.24594203740325152,0.1113259792143364,0.25518023657385924,0.05549181679098743,0.044514955914240345,3.211948935988307e-18,0.0,0.0
2021-02-23,0.00013649999201481529,0.007196622707546898,0.26362015542457146,3.469446951953614e-18,0.24294473934472538,0.11058283082690495,0.25618062598342417,0.058130390062125406,0.061208135658687005,0.0,1.2332799712022613e-18,1.9593510916088544e-19
2021-02-24,0.0,0.01392774260394182,0.2798623679855121,0.0,0.2738534549903054,0.06014955108835533,0.28330264882516953,0.03275796341603142,0.0555117819296872,0.0,0.0,0.0006344891609972846
2021-02-25,5.007715329123863e-19,0.011632565551745515,0.2575151214066004,0.0,0.2749368721656104,0.003105749099304752,0.3272547757681433,1.5913746972059308e-18,0.0882815921470414,2.1238031954889786e-18,0.0,0.03727332386155425
2021-02-26,3.004629197474319e-18,3.541355455625267e-18,0.3121834197012742,8.170823362960448e-19,0.2798218095610598,0.04190051658221339,0.2876544855926683,0.026819014481788896,0.05162075408099549,0.0,0.0,0.0
2021-03-01,0.0,0.0,0.3186769039048222,5.790826148269801e-18,0.3027546887337543,0.0,0.3202657312753761,0.0,0.04578595317684241,0.0,4.0659639345325e-18,0.012516722909204959
2021-03-02,0.0,0.0,0.31664263133768605,5.3654477761306556e-18,0.2997296551164691,0.001790269374783477,0.31977780130721173,4.580412344434633e-17,0.04315251399285636,1.197552216111102e-18,0.0,0.01890712887099319
2021-03-03,9.560661182607273e-18,0.0,0.3290085082147038,0.0,0.2979915849838011,0.011211658650681234,0.30204934969638203,0.025225618400694365,0.03451328005373736,9.514359830926398e-18,0.0,0.0
2021-03-04,5.0077153664342524e-18,0.0,0.3287137384785996,0.0,0.3034089680038379,4.915424637481879e-18,0.30763131586472603,0.0,0.04187404837073004,4.498832830792555e-18,0.0,0.01837192928210646
2021-03-05,3.2806363909509954e-18,2.626932884265949e-19,0.3164305688915615,2.0747852676592297e-18,0.31845203014841567,4.147739147298284e-18,0.33238867507208636,1.0408340855860843e-17,0.0327287258879366,0.0,3.7168883639290405e-18,2.2481768643926454e-18
2021-03-08,1.4522374454459208e-17,0.0,0.2495195147171183,0.0,0.3352750625525451,0.0,0.3619665720959313,4.6505047328058864e-18,0.03205224626532241,3.451479235782313e-18,0.0,0.021186604369082897
2021-03-09,0.0,8.721970196657033e-18,0.30612543619092436,0.0,0.3306302479577902,9.46721612621903e-18,0.33538800717032646,0.0,0.020084681312347915,0.0,0.0,0.007771627368611051
2021-03-10,2.754243431018125e-18,0.0,0.3153201612912197,9.637603110646577e-18,0.32315725274915624,5.433977230754241e-18,0.32475917051633746,0.0,0.022799901629297407,1.8673592537329757e-18,0.0,0.013963513813989175
2021-03-11,1.2519288322809716e-18,0.0,0.31403390963923905,0.0,0.2924849980537539,7.806255641895632e-18,0.31319880642164627,0.0,0.03189924880545396,0.0,8.609889863680134e-18,0.04838303707990685
2021-03-12,5.7588726042406915e-18,0.0,0.32856450623859534,2.755820196969476e-19,0.2703919623382612,0.003980638880969907,0.29856178130281125,3.676399958037766e-17,0.04209932948758064,0.0,0.0,0.056401781751781704
2021-03-15,8.7635018259669e-19,0.012366900482383788,0.35517162925306034,0.00753021453708682,0.23290590908717843,0.007870248600649785,0.27753372543936317,0.0,0.053766734460101766,0.0,0.0,0.05285463814017578
2021-03-16,6.259644161404829e-20,0.02908583232359156,0.3641118743713367,1.838082479610661e-18,0.2041894265519578,0.017021933347274913,0.2790754018157041,3.9911353399231725e-18,0.059365185606739375,0.0,4.669589296537562e-19,0.04715034598339562
2021-03-17,0.0,0.040126993654375734,0.3663631680401431,9.047283008397834e-19,0.19030404089174746,0.02679341424968147,0.2797067570582486,1.734723475976807e-18,0.05670707943851901,2.034963114147043e-18,0.0,0.039998546667284654
2021-03-18,0.028473266066877667,0.03910373203275,0.36068279110041973,0.0,0.17249292626736332,0.03371785407211262,0.2746438081445475,2.168404344971009e-19,0.05174494927573663,4.716279450311944e-18,0.0,0.03914067304019265
2021-03-19,0.030497339201402886,0.03871491809561031,0.3495891888739423,0.00023523875808401443,0.17737694192728076,0.03923359430013608,0.27881533450765744,0.0,0.05034241681468162,3.2526065174565133e-18,0.0,0.0351950275212046
2021-03-22,0.02413871994730441,0.03857640711893,0.33175481429723463,0.001852482984385184,0.18842224651329886,0.04227818121813317,0.2861064260686372,3.469446951953614e-18,0.051555588157354386,0.0,0.0,0.03531513369472225
2021-03-23,0.055725617665444274,0.03720321170105154,0.29905808728615435,0.004637633900877859,0.19131977871537906,0.06393824712705824,0.2767022843207991,8.673617379884035e-19,0.047680735583675055,7.914675859144182e-18,0.0,0.023734403699560556
2021-03-24,0.05766831415203107,0.03132998131180161,0.28212826147112463,0.004321789779569734,0.20598765762472687,0.06780247149342038,0.2763035939362938,2.2768245622195593e-18,0.049767717385172265,1.0842021724855044e-18,7.26415455565288e-18,0.02469021284585976
2021-03-25,0.003362606687984381,0.030329595276763214,0.2752671621262119,0.017973638034940027,0.24402847352735918,0.0711102360592657,0.2612039206240533,0.04358301811089639,0.043476959473643134,0.0,2.707117299424744e-18,0.009664390078882836
2021-03-26,4.694732549738266e-20,0.020048690304331162,0.2567933714012093,6.424266222414851e-05,0.26648547215657115,0.039593943984358,0.3061119860663879,0.0,0.07679431917986258,1.963078642080544e-18,0.0,0.03410797424505576
2021-03-29,4.107891468970955e-19,0.020455387278414977,0.25369914472532346,4.933119884809045e-18,0.2697696060319943,0.04464707827859505,0.2961370578833362,1.4542500994141844e-17,0.07818335454132468,0.0,0.0,0.037108371261011366
2021-03-30,0.0,0.020899378404425167,0.26060672092417475,0.0007300937680262007,0.2703550769529507,0.045755573706547786,0.28659231528899576,0.0,0.07918702987000249,2.9947461127865947e-18,0.0,0.035873811084877284
2021-03-31,1.2519287809791294e-19,0.019774919503792177,0.25833313064878993,0.0011789313792774894,0.27195390248726037,0.04721030818035556,0.2833111345006814,1.80995079746358e-18,0.08168863809894499,0.0,2.565965334485337e-18,0.03654903520089812
2021-04-01,0.028902378953566624,0.017002329045269007,0.2565903889917468,3.82398059462657e-06,0.26107454383197176,0.06024502208273048,0.27567126372146705,1.1926223897340549e-18,0.07156883934237633,1.5178830414797062e-18,0.0,0.02894141005027709
2021-04-05,0.03916714451303318,0.016322922784844478,0.2389508958657796,0.0,0.2494731386002685,0.077535616082322,0.2748308619890182,0.0,0.07071484889448339,3.7947076036992655e-19,8.131516293641283e-19,0.03300457127025074
2021-04-06,0.03933300415392836,0.018092235191888708,0.22580996946959409,0.0,0.25019157720214136,0.09802900782523045,0.27622368230442673,0.0,0.0684107199765808,1.2468324983583301e-18,8.944667923005412e-19,0.023909803876209623
2021-04-07,0.04876892354816253,0.021921360956842367,0.2197117328938574,6.2341624917916505e-19,0.24802997698859666,0.10861641506672073,0.2736100498191568,3.876022766635678e-18,0.0633538575469717,8.538092108323347e-19,0.0,0.01598768317969184
2021-04-08,0.05298817128269521,0.019379108559793794,0.20922632056793783,0.0,0.24791914161613807,0.11388036653958905,0.2783052947868817,8.61940727125976e-18,0.06828047385076579,0.0,1.2468324983583301e-18,0.010021122796198535
2021-04-09,0.06454135579835543,0.019474736777312797,0.18903662750855174,2.168404344971009e-18,0.2483001123885173,0.11541647687414042,0.28544384335419715,9.75781955236954e-19,0.0718270221467637,0.0,2.168404344971009e-19,0.005959825152161608
2021-04-12,0.04227105431694415,0.016218003486860706,0.20334663145503012,0.0,0.24018683717825853,0.11952066706703336,0.2525801606067356,0.02918805266145611,0.08423932141399156,3.469446951953614e-18,0.0,0.012449271813689867
2021-04-13,0.0543293009297952,0.01386104196856383,0.1669396666743785,3.7947076036992655e-19,0.2551576312253997,0.10008100295961841,0.3065693922515208,0.003506951088284533,0.09127986492600781,0.0,0.0030725094950128443,0.0052026384814185065
2021-04-14,0.038878172789181265,0.015966185990207184,0.20142788658479116,4.9873299934333204e-18,0.2376486799267483,0.11627319069213284,0.250818213234882,0.039142434494560584,0.08582719548720665,1.9820570965750628e-18,0.00034772450507800177,0.013670316295212077
2021-04-15,0.03874298779030661,0.01802169478088419,0.20577122130789796,6.071532165918825e-18,0.23540335107113564,0.11346412894573474,0.2520329245443747,0.03963896381606812,0.08332887090269361,0.0,3.469446951953614e-18,0.013595856840904233
2021-04-16,0.040279769277277916,0.022492175450889964,0.20363795671346413,8.673617379884035e-19,0.23537466117447772,0.11536254582753344,0.2531522946387889,0.03665102805991145,0.08010972663578551,6.505213034913027e-19,0.0,0.012939842221870978
2021-04-19,0.04352294492851397,0.02449813115152203,0.20533300367264362,0.0,0.2342223033758722,0.11400086220569593,0.25374188782791757,0.03511919215013265,0.07746217875061553,0.0,3.469446951953614e-18,0.012099495937086521
2021-04-20,0.009154522582758121,0.004330140929766723,0.1780713208943946,0.0,0.26027467881941213,0.08050172811300925,0.33782447238299623,0.0,0.09873503722109489,3.7269449679189215e-19,0.017871379240469373,0.013236719816098917
2021-04-21,0.0034646386689507263,0.0,0.2157046833658464,0.0,0.26922196175752555,0.06538333623820837,0.31930611617949695,0.0,0.097277577109854,1.2739375526704677e-18,0.013522398662799303,0.016119288017318725
2021-04-22,0.033373146042313846,0.009421530029756384,0.21681699337163945,0.0,0.2604226644483413,0.07335158511929174,0.30241081010027915,0.0,0.0942790408967682,0.0,0.0026858921366792734,0.007238337854930525
2021-04-23,1.251928832281089e-19,0.0,0.1744958694464832,5.204170427930421e-18,0.294796531963117,0.005596920456938311,0.38523216850570113,1.826578977488913e-19,0.13279353475501682,8.432519235912288e-19,0.0024479632377946603,0.004637011634948655
2021-04-26,1.2519288229533693e-18,0.006887756378513951,0.2089559784369129,5.9657673807398706e-05,0.26953726958094487,0.06366244069584674,0.3261737723216213,0.0,0.10730320704850936,9.359310614540695e-19,0.004637066666069833,0.012782851197773741
2021-04-27,0.03475128218017748,0.007877150982563308,0.22494154286655238,3.469446951953614e-18,0.2539968015792964,0.09294006830018652,0.2718951598484367,0.02473508159884876,0.07919167318938143,0.0,0.0,0.00967123945455709
2021-04-28,0.04187405072657105,0.009534302832679909,0.20372880745696625,3.469446951953614e-18,0.24770200616558619,0.11229685737962117,0.2835103456437938,0.02374505291264402,0.07760857688213774,0.0,2.303929616531697e-19,3.449118161219511e-18
2021-04-29,0.048135792889834626,0.010895541588836185,0.1999977390187941,0.0,0.24344441213100915,0.1246039663983917,0.279291219546527,0.02459525195675157,0.06672817812832536,0.0,0.0,0.002307898341530115
2021-04-30,0.05208872797839773,0.013300978176100703,0.1994840539467957,0.0,0.23987405988273316,0.12713295493032115,0.27767365390817017,0.019112715928382658,0.06472761222456852,1.2739375526704677e-18,5.963111948670274e-19,0.006605243024530038
2021-05-03,0.05128160539297379,0.016127685654682013,0.19110626945541892,0.0009502061480790355,0.2488795927443189,0.11261449123949671,0.3227499693577383,2.4936649967166602e-18,0.05375126440346231,0.0,3.2526065174565133e-19,0.002538915603830036
2021-05-04,0.03907482232566596,0.015638808827817367,0.20102650044861306,1.3552527156068805e-19,0.2539204754395248,0.10146507309212505,0.3200348799396884,0.0,0.06583804827002314,1.6127507315721878e-18,0.0,0.0030013916565421995
2021-05-05,0.009455595927633103,0.009720515918153722,0.17156621535120672,0.0008102357641950261,0.258380037531055,0.06522595954975785,0.38629132752715134,0.0,0.08050323751810505,0.0,4.336808689942018e-19,0.018046874912742056
2021-05-06,0.0,0.007575671747165006,0.1519439537131606,1.1012259183681809e-18,0.2581681818760752,0.04950263367619849,0.41224157318453203,0.0031689396057380456,0.09629673885766661,1.427562527699175e-18,0.0,0.021102307339463992
2021-05-07,0.0,0.0014988479754197176,0.16089487699497731,0.0,0.2643439147243128,0.03252172383304566,0.415344739611584,0.0,0.10760416351720925,1.981096711465703e-18,2.5546611259612723e-19,0.01779173334345127
2021-05-10,1.251928832280966e-19,0.0040723435864797024,0.16295701961260847,4.972062827569191e-19,0.2586949303615401,0.02809216757977074,0.413717109376765,0.000528980579823926,0.11474607129403214,0.0,1.4385680086692544e-19,0.01719137760898002
2021-05-11,0.0,0.010938257768070406,0.15800323934711946,1.0842021724855044e-19,0.2610865106985457,0.03202468076337073,0.40148938717829036,0.0,0.1217526394686657,0.0,7.025483709099207e-19,0.01470528477593765
2021-05-12,0.0,0.0017777959310664566,0.14418852661671322,0.002053171231200232,0.28553248222499655,0.018624482971959518,0.39583981797110834,1.5627111693518296e-18,0.14030645263843464,1.3777628288245946e-19,0.00024205754636341965,0.011435212868157567
2021-05-13,0.0,2.22897988512471e-18,0.1523661227854936,0.0,0.3113589000071139,1.951563910473908e-18,0.3763065849884059,8.056606749908993e-18,0.1330175888090452,0.0,1.6517874277366748e-18,0.02695080340994147
2021-05-14,1.1267359490528693e-18,8.75262927099877e-19,0.17887410527687914,0.0,0.3155551203424843,7.806255641895632e-18,0.3469066027299464,0.0,0.11906831348674667,2.4748123302602237e-18,0.0,0.03959585816394359
2021-05-17,3.004629219860554e-18,0.0,0.2305787441451278,4.185031234357493e-18,0.30071490256240085,0.0445484695368552,0.29180240229344584,1.1443211407256488e-17,0.09558925823220758,2.7169296930535097e-18,0.0,0.036766223229962716
2021-05-18,0.0,2.9449747185324546e-18,0.1810499217658094,0.0,0.3394255585404441,1.0563795807163996e-17,0.331043641131686,0.005274274192570222,0.12340522089254932,0.0,1.2263461495687125e-18,0.019801383476941024
2021-05-19,8.763501825966763e-19,0.0,0.20231799301246672,7.13520444030384e-18,0.30404392167545846,0.026419516131139194,0.3021895644520481,5.554658933423834e-18,0.12280348010344577,8.944610314843198e-20,0.0,0.042225524625441685
2021-05-20,0.0,1.6340002307750755e-18,0.2419225253801238,0.0,0.3014069685291415,0.04813003515207113,0.2753091226356553,0.0,0.09532540151914837,0.0,7.303417967498806e-19,0.03790594678386004
2021-05-21,0.0,0.0,0.24154873409081276,1.9860945522672205e-18,0.30036702690175315,0.05390267666271167,0.27714270478340286,0.0,0.08837599446046945,1.1427492122713801e-18,2.536232602009974e-19,0.03866286310085004
2021-05-24,1.5023145987371758e-18,0.0,0.23716381538328116,0.0,0.2957104226180049,0.06099018893746836,0.2835648179567347,8.739802290247293e-18,0.08800309984559201,0.0,0.0,0.034567655258918674
2021-05-25,6.231538086754877e-19,1.6147985145381303e-19,0.22994096712401413,1.3318446203215103e-18,0.2896079152832875,0.0612761490092627,0.2894235673439649,0.0,0.09498310646863876,6.32945225487929e-19,0.0,0.03476829477083204
2021-05-26,0.0,2.003316036670063e-18,0.20447768812162925,3.901273525360237e-19,0.2838865196118489,0.06043575538344748,0.3057295538259165,0.0,0.11030541342148681,0.0,0.0,0.03516506963567116
2021-05-27,1.5023145987371594e-18,0.0011129399199093699,0.2512375664951522,0.0,0.2554260239900879,0.10975721544834133,0.23924613209091009,0.04606205697063001,0.08983120261822021,8.412869067706831e-19,0.0003099814921040496,0.007016880974644869
2021-05-28,0.03362843991365723,1.0842021724855044e-19,0.18382446935102068,0.0,0.25341324179569047,0.09266213059924505,0.30299290631875125,0.01862274721150399,0.11485606481013146,2.168404344971009e-19,1.0842021724855044e-19,8.673617379884035e-19
2021-06-01,0.027595306445193975,0.0023641520607871704,0.16411442479527444,0.0,0.25317936591332474,0.11287628382538883,0.30732923369701204,0.029854814764421134,0.10155510606237445,0.0,1.3552527156068805e-19,0.0011313124362233402
2021-06-02,0.030108000760305727,0.00042640436628703794,0.17225195656684741,0.0,0.26001659863001625,0.11292105972004851,0.2908966985325747,0.03344744075104387,0.09708659962012692,1.5178830414797062e-18,1.0842021724855044e-19,0.0028452410527496615
2021-06-03,0.012225964829028671,0.006876697468277343,0.1972378736748043,1.0842021724855044e-18,0.25626592331918746,0.1224748586304036,0.2628715809135659,0.04296087363284523,0.08476066201147646,0.004627698810380843,2.168404344971009e-19,0.0096978667100302
2021-06-04,0.01219798800454356,0.007761877582354769,0.21800736462403394,4.174178364069192e-18,0.26157653854122215,0.10052508308912404,0.26227115777699894,0.04588934843516774,0.07884178348588022,4.87890977618477e-19,9.75781955236954e-19,0.012928858460674642
2021-06-07,0.012571156182118829,0.016174420759429518,0.23618831541156496,0.026231999833909593,0.24575858864478325,0.10968417868663588,0.2293609677238833,0.055111350543577506,0.06891902221409724,0.0,3.9725845226226686e-19,1.5720931501039814e-18
2021-06-08,0.035579013288013016,0.014904770270540749,0.2127520263212441,9.75781955236954e-19,0.25896049330923837,0.09344608279156227,0.26228074358497694,0.04262168437751806,0.05301244992437546,6.081696561285876e-19,2.168404344971009e-19,0.0264427361325312
2021-06-09,0.02714320238449916,0.015615254973021006,0.2182180112444864,0.002274811689257335,0.2651402850047612,0.0887832653781771,0.2598910869065364,0.04874347599938864,0.047415949051711474,6.505213034913027e-19,0.0,0.026774657368161318
2021-06-10,0.0195770307651868,0.018478400863953037,0.21668295105309782,1.3010426069826053e-18,0.2705797102268739,0.08301941162625275,0.26471852809991836,0.04934400257597855,0.0498978346984831,4.336808689942018e-19,0.0,0.0277021300902556
2021-06-11,0.023042630211902462,0.01563018919301162,0.2308389829054075,0.0003872543738599483,0.2777952428679303,0.07009785606215749,0.26925094795508636,0.05049407171026986,0.052257727984448304,2.8189256484623115e-18,3.2526065174565133e-19,0.010205096735926242
2021-06-14,0.004422103282863783,0.029741356005423446,0.2373968451948184,0.02012315060962443,0.2559541930099677,0.08866495269889513,0.243117851474239,0.0621099938406366,0.058469553883531526,0.0,0.0,1.6263032587282567e-19
2021-06-15,0.011782460996881322,0.027499812980791693,0.23621480325083272,0.015726426059096587,0.2571025162862521,0.0870497716333203,0.24657708309097986,0.060981665237699566,0.05706546046414592,0.0,3.5236570605778894e-19,3.5236570605778894e-19
2021-06-16,0.008476152076789695,0.02748634116067577,0.23720786371519725,0.014929498087098337,0.2557107271689427,0.08456627951085975,0.25014345842554564,0.06349152461571059,0.05763473920460376,0.0,0.00035341603457629675,0.0
2021-06-17,0.00014149712576192754,0.011938691823649393,0.2521942776302901,3.0357660829594124e-18,0.26560203940693117,0.06464489754743878,0.27361682591370995,0.06563614764371285,0.05905784660546157,0.0,0.0071677763030441755,0.0
2021-06-18,0.0,0.0011111841697224395,0.2533730640604104,3.469446951953614e-18,0.26547910033159305,0.06693004439902309,0.27843594764041024,0.07022762208740053,0.06111621165785627,0.0,0.003326825653584061,8.918198637759725e-19
2021-06-21,3.470652637184763e-19,0.0,0.2504169379075416,5.534883172238266e-18,0.2841615804126208,0.04634162403582444,0.30698288720635425,0.05073826957610819,0.06088540767169175,0.0,0.00047329318985904635,0.0
2021-06-22,1.290168736676545e-18,0.0,0.2442483287719968,0.0,0.29217348077570227,0.046402950613374364,0.31085996968240404,0.04334908760365622,0.06296618255286623,3.6256773058256616e-18,0.0,0.0
2021-06-23,0.0,3.7456902464548333e-19,0.22747229153693407,0.0,0.29060415028300035,0.06703682307312851,0.30140843227264114,0.04663353497454806,0.06651830325345147,7.434420077067961e-19,0.00032646460629636234,0.0
2021-06-24,5.824748092468631e-19,4.9269077633259954e-18,0.2259643340026975,0.0,0.25811183573633206,0.10946952942850402,0.2595790281162111,0.06704990464793796,0.07945209048043915,9.28995148838374e-19,0.0003732775878781705,0.0
2021-06-25,6.25964416140483e-19,0.0,0.1928568417342247,4.0634826193463585e-19,0.29753889351278545,0.08321183523379,0.301267084525331,0.04022852895974524,0.07456740964532609,2.413562956401271e-19,0.007266556360508467,0.003062850028289025
2021-06-28,0.004878033560031414,0.0,0.21504098075342307,0.0,0.25131923790211697,0.12314257888320457,0.2554609779103805,0.06175497681852251,0.08333929519201656,1.4094628242311558e-18,0.005063918980304469,0.0
2021-06-29,0.00022651118605084193,0.0003937253220112257,0.2127255206083346,6.938893903907228e-18,0.25279277916637594,0.13153779566721802,0.2560135485944712,0.05730391545233245,0.08428155359455405,0.0,0.004724650408651648,0.0
2021-06-30,4.796841459319625e-19,0.0,0.21145490514991058,1.734723475976807e-18,0.2551657899309871,0.13108760377704934,0.2546068653815085,0.057544411819880646,0.08807615192102387,5.331861034426465e-18,0.0020642720196400125,0.0
2021-07-01,2.7893148774155642e-05,8.121894315724196e-05,0.2056813813549528,3.469446951953614e-18,0.25630072197311665,0.13469217197200642,0.25401314286207377,0.05625026798637087,0.08890390727366389,0.0,0.004049294485884174,8.605854744103691e-19
2021-07-02,0.03576018837385664,1.7076184216646695e-18,0.1569180506282143,0.0,0.27100966966051765,0.1331408772154241,0.27246036916460475,0.04359627156703353,0.08287246917851324,0.0,0.004242104211835695,3.848917712323541e-18
2021-07-06,0.013745008809282283,0.0,0.13222148268810252,0.0,0.2943443077287255,0.13054756251210725,0.2945341594042975,0.03912147469038078,0.07973779877442506,1.0842021724855044e-18,0.01574820539267917,0.0
2021-07-07,0.0015855017201228739,9.893344823930228e-19,0.18701173784083255,0.0,0.26370807363601667,0.13532426003797657,0.2542904879101197,0.059849430726693825,0.09050645387068601,0.0,0.007724054257551717,0.0
2021-07-08,0.0,2.2799566305077906e-18,0.14693967122593649,0.0,0.328864429000641,0.10069684525830193,0.3134934361274508,0.01837729581966557,0.0772138817165856,0.0,0.013435889086558631,0.0009785517648599217
2021-07-09,2.5038576459067325e-18,0.0,0.11458674217814241,1.9885485000371628e-18,0.3432016793733815,0.08498957061920356,0.34042088691462935,0.005988440689243886,0.11081268022539935,1.6519095334706714e-18,8.11134629976622e-19,0.0
2021-07-12,0.0,0.0,0.1212107099150797,2.2860858703324582e-18,0.3450104918107241,0.08188277800113906,0.3399199439492106,0.003266899748995338,0.10830402815634438,0.0,0.000405148418506779,1.734723475976807e-18
2021-07-13,2.2534718831815896e-18,0.0,0.1629579902940855,0.006812198599226572,0.33079776195502514,0.09022793865690146,0.3152327801815746,0.0,0.07141644991679542,0.0,0.009498406073371185,0.013056474323020227
2021-07-14,0.0,0.0,0.1564394550135718,0.0007463007956258062,0.3265802054600417,0.09797118356083087,0.3129753010391394,0.0,0.07863238222831918,1.263277789779617e-18,0.009120331912380273,0.017534839990091044
2021-07-15,7.511572993685797e-19,4.979107767418189e-19,0.14898657377215005,0.0006692714633510015,0.32732726986948546,0.10112188392298938,0.3132382965503947,0.0,0.08114600270973668,2.0528923485914947e-18,0.008894758869465516,0.018615942842427288
2021-07-16,0.0,0.00027176341973737957,0.1505636152293927,0.0,0.3226631316069263,0.10402922341589389,0.3075224983261731,8.829665154247839e-18,0.07723108051474799,0.0,0.00675555026788598,0.030963137219242612
2021-07-19,1.251928832281021e-19,0.005574052115910461,0.15160134612741566,3.705311483273543e-19,0.3265069844792856,0.10302247284503585,0.3032273581230297,0.0,0.07493540832990112,1.7933517886928687e-18,0.006005404316768615,0.02912697366265284
2021-07-20,2.0857062351357698e-18,0.0,0.11520901053374406,0.0,0.3621953648451772,0.0632051497951167,0.33981208505118027,3.014264137588377e-19,0.09246419153434149,3.3472048685161214e-18,0.000740315548182249,0.02637388269225799
2021-07-21,0.0,2.7146121682989094e-18,0.11677116703746392,2.093005321194342e-18,0.36421785270547435,0.06071025345516341,0.33843236173005325,0.0,0.07823565454886365,0.0,2.772572239290416e-19,0.04163271052298151
2021-07-22,2.0030861316495456e-18,0.0,0.10745893523691787,0.0,0.36849579008385436,0.06270132912949417,0.33326550187672277,3.777848557063431e-18,0.07856559825671053,3.685141332054741e-18,0.0,0.04951284541630036
2021-07-23,0.0,0.0019936579766369603,0.1379916901563448,0.027341112209892486,0.33785267438133426,0.10461933619409124,0.29291706958191704,7.958896963006523e-18,0.07855458302266012,6.709047925040246e-19,4.099029392655929e-19,0.01872987647712318
2021-07-26,7.511572993685879e-19,0.010521885422246583,0.10609246994976868,0.015389962348676713,0.3519020470773629,0.11372947795334816,0.2967299687887132,0.002228634120444759,0.07837445803528822,0.0,0.0,0.02503109630415065
2021-07-27,0.012060222165741947,0.014816416353250051,0.10574191095661155,0.002871248696630673,0.34106392086187676,0.12728067319238626,0.2875015499465901,0.006921027861375109,0.07636035611701503,1.0842021724855044e-19,8.673617379884035e-19,0.025382673848522542
2021-07-28,0.030238541024133425,0.009435283686890006,0.11672249246978139,0.00017568631493910234,0.33003043790439557,0.129400265428711,0.28668381307843444,6.505213034913027e-19,0.0780609027327791,0.0,0.0,0.01925257735993598
2021-07-29,0.0,0.009464326994356728,0.13203052319015143,0.020660069133457373,0.32074824625079396,0.12130415672000824,0.2862792510298655,2.004225819181652e-18,0.09218613429291275,2.621620932179767e-20,5.499086963811498e-20,0.017327292388454013
2021-07-30,0.0,0.010578469968165792,0.0920547344664815,0.005472693499370142,0.35168665325105336,0.09231304745946353,0.32360508038577146,0.0024361755853904384,0.10249081695854807,0.0,5.996868499347375e-19,0.019362328425755707
2021-08-02,6.572626339160435e-19,0.007040114497281065,0.0977704578377753,1.920250618670993e-18,0.35330632889873603,0.07963038600949321,0.3359287599035593,0.0,0.10480671280339593,2.0978269915702836e-18,0.0,0.0215172400497593
2021-08-03,7.0420996815804345e-19,0.0,0.08714591683471114,0.0005586397839124485,0.3651007478737462,0.06390207778144359,0.3500583256037669,0.0,0.11051255304053788,7.879867794476775e-19,0.0016213864064924225,0.021100352675389462
2021-08-04,1.9404896900355004e-18,0.0010731657006239812,0.10466048265373519,0.0031928477287527348,0.3566420796715315,0.07359236126774152,0.34134399820959566,1.891335377342214e-19,0.10123679386681851,1.7999196676586567e-18,0.004651518644726326,0.013606752256474413
2021-08-05,0.0,0.007096488746577629,0.10796213531164424,0.007167511928841616,0.344769005648965,0.09340459409168574,0.32791251642172065,5.415382570077149e-19,0.09564497432047753,3.8342733097721056e-19,0.0062366713670072155,0.009806102163080237
2021-08-06,1.0015430658247726e-18,0.0006529139316866064,0.12435070686721413,0.0,0.32702020595483705,0.1163873340367269,0.30219665908916366,2.0784798458159033e-19,0.09796421119032038,2.7711489160703745e-18,0.008017771999627762,0.023410196930423472
2021-08-09,0.004019910822758825,0.01887427033015366,0.12696586124069337,0.0,0.3331396330244179,0.11868563560789075,0.28735440038281634,0.0,0.08799181816293446,1.840922225762758e-18,0.0008063948340194179,0.022162075594315316
2021-08-10,0.030445805076652427,0.004467776582690099,0.11875969027599077,1.1926223897340549e-18,0.33738503881942616,0.12049355095791252,0.2761813572530147,0.0027437900132063807,0.09071089628237082,5.963111948670274e-19,0.006485084082571585,0.01232701065616462
2021-08-11,0.03614856706739288,0.006496981908379983,0.12056515283616126,2.710505431213761e-18,0.34085440124425154,0.11749693808281618,0.2769623788102546,0.004590889194122098,0.0893737906857839,0.0,0.006245831319953212,0.0012650688508843962
2021-08-12,0.05523288081740228,0.0010474688562300584,0.12480197445967275,4.336808689942018e-18,0.3256946949933325,0.11909585294625785,0.2639650241806163,0.010173494410690532,0.09706320841659481,0.0,0.0029254009192028786,0.0
2021-08-13,0.06184243099983313,0.005527924128811612,0.12562722306226362,0.0,0.30981613301554745,0.12493736215906755,0.2492513343009198,0.019320797472525204,0.10367679486103173,2.927345865710862e-18,7.589415207398531e-19,0.0
2021-08-16,0.06750270454155749,0.010293219955335511,0.12658530821546307,1.3010426069826053e-18,0.30156614394532877,0.12908799101377313,0.2444783226223272,0.021980822731758495,0.09850548697445635,0.0,1.1926223897340549e-18,1.734723475976807e-18
2021-08-17,0.0643085290461636,0.010083853214355003,0.1325835478708934,0.0,0.29753993523562333,0.1258348944087425,0.24896576269148848,0.02037939387882126,0.09925718373843727,2.168404344971009e-18,4.336808689942018e-19,0.0010468999154752403
2021-08-18,0.060445236746223666,0.01180237957340635,0.15134944638266984,3.7947076036992655e-19,0.28245141165927484,0.12412058070600485,0.2585689346578032,0.016326370358106072,0.09493563991651122,0.0,0.0,0.0
2021-08-19,0.04478318705096113,0.011661089466749678,0.15417878846110872,8.239936510889834e-18,0.29061625352010767,0.11159120645336006,0.27548987039816913,0.008914777707144137,0.10276482694239959,0.0,2.168404344971009e-19,0.0
2021-08-20,0.03600649215867117,0.004456504458204862,0.17528504472655837,3.2526065174565133e-19,0.30547901639246483,0.093407692200513,0.28100841481360245,0.0,0.1043568352499854,0.0,2.168404344971009e-19,1.0842021724855044e-19
2021-08-23,0.0,0.0008284678722712104,0.18960365025386344,0.0,0.3035086169423985,0.08842624085557911,0.2867683748757612,6.938893903907228e-18,0.10380827609896726,3.0166747549192533e-19,0.0,0.0270563731011593
2021-08-24,0.017536623498946732,0.004920933798730815,0.17433286959797492,2.1141942363467336e-18,0.2904132957011527,0.10226761525946233,0.29572674992074155,0.0,0.10429555116959303,0.0,1.0842021724855044e-18,0.010506361053397762
2021-08-25,0.02504797442694684,0.0075108243242228085,0.2031433887557882,0.0,0.25036062968756273,0.12857422337665134,0.2513075348234308,0.035640751562010436,0.08994523781066369,8.673617379884035e-19,1.2468324983583301e-18,0.008469435232723274
2021-08-26,0.03794071346629839,0.011221903935692858,0.19638830536964313,0.0,0.2462414626489762,0.13636380193967365,0.24954396611386762,0.034978926431457134,0.07880289483979433,0.0,0.0,0.00851802525459663
2021-08-27,0.04743750818812398,0.007823186961496795,0.19764956725353477,0.0,0.2449106434441617,0.13909402244075655,0.24735365856691782,0.03558426549778328,0.07719468274149015,0.0,4.87890977618477e-19,0.0029524649057350765
2021-08-30,0.06506939168729976,0.004508932378213915,0.19074387768786366,0.0,0.2382503581195064,0.14559769160616912,0.2456068360904695,0.03540498345348999,0.07481792897698775,6.911788849595091e-19,9.75781955236954e-19,0.0
2021-08-31,0.08568990590397718,0.0009761066655389105,0.17719452480811843,0.00015499155023243833,0.2354968953809066,0.1511039426491163,0.24414304183939473,0.03532531549050882,0.06991527571220671,0.0,0.0,0.0
2021-09-01,0.07220835570967578,0.007918564918992696,0.1777306114706673,1.8973538018496328e-18,0.24095190072151448,0.14942568472054035,0.24824819352674307,0.037781664027761355,0.06573502490410497,0.0,2.439454888092385e-19,1.2739375526704677e-18
2021-09-02,0.024346652818718024,0.019341720288333804,0.20724084182970623,0.027977763358132634,0.2281912642355623,0.1362808504272439,0.22479401497762502,0.055466747089685714,0.07636014497499241,1.0570971181733668e-18,8.944667923005412e-19,1.6263032587282567e-19
2021-09-03,0.017777930102881218,0.02100952243233932,0.2089661980531141,0.02705320361423251,0.23404068217722215,0.13181160714606985,0.2285439991648583,0.05595625900757234,0.07484059830171028,1.2197274440461925e-18,0.0,0.0
2021-09-07,0.020965508565152443,0.022648002331561994,0.21003082828545916,0.02710025179969147,0.23374157872341192,0.12881465154321786,0.2278947253499148,0.055180538086306984,0.07362391531528344,2.3852447794681098e-18,0.0,0.0
2021-09-08,0.042399435019632906,0.02152930752707504,0.17906273034557904,1.1926223897340549e-17,0.24991175290892012,0.1253881153809121,0.2581259006956899,0.04299091793598169,0.07010464356619658,0.0,0.0,0.010487196620012414
2021-09-09,0.002998619642789886,0.02344018392253036,0.21714645603033306,0.011881543215252846,0.24925081328723087,0.12063604386189794,0.2421085527381648,0.05008033505697735,0.07747575908697514,0.0,0.00498169315784791,8.131516293641283e-20
2021-09-10,0.0005395181180727793,0.01981112265915793,0.22315548887629535,0.0,0.2616875487207051,0.11405512829462967,0.2509556694904934,0.04451736569270066,0.0802756796894579,1.3688558483283503e-18,0.004921187817197331,8.129064128997374e-05
2021-09-13,2.172919499169626e-19,0.0,0.14516921352527853,0.023153696178612213,0.3039017694754209,0.08256038452487242,0.32640533913900954,0.014209378731501366,0.09770648721634008,0.0,0.006893731208964747,9.834326428945086e-19
2021-09-14,2.5038576645619316e-19,2.8825371582698e-18,0.13070871812804094,0.0,0.34267660092551006,1.731006610742956e-18,0.3810496311622503,0.0111879121228243,0.11673621704344343,1.6904314325344548e-18,0.0,0.017640920617930902
2021-09-15,0.0,0.0,0.14626337618750251,7.44452471934089e-18,0.3436685386778547,3.4731427013855384e-18,0.3531742263879863,0.016599887710968077,0.14029397103568825,0.0,0.0,0.0
2021-09-16,0.0,9.708111542701236e-18,0.16525833645623397,0.0,0.34960295773812156,2.42861286636753e-17,0.33020878491310657,1.6210316501249253e-17,0.15492992089253785,0.0,4.837601619739944e-18,0.0
2021-09-17,0.0,3.834896045468386e-18,0.26354672781187083,1.741231479018029e-18,0.33918829547161844,0.0,0.2843689060296729,0.009468340851305311,0.10342772983553246,1.4521390631777905e-18,0.0,0.0
2021-09-20,0.0,1.3656236124404068e-17,0.150792984328592,0.0,0.40617302619522816,0.0,0.31217751160746254,0.0,0.13085647786871746,0.0,8.666040195785424e-18,1.08661592042424e-17
2021-09-21,1.1228853079956245e-17,6.027295418028391e-18,0.14612024726067663,0.0,0.4652548778509115,3.606658860220634e-19,0.3085498467080109,0.0,0.08007502818040102,0.0,1.0493915330631445e-18,0.0
2021-09-22,1.2314253340008579e-17,2.2400648243548665e-18,0.29079470781485456,0.0,0.3691819581354326,1.5983473136218976e-18,0.25562880390395754,0.0,0.08439453014575543,0.0,6.821992796509029e-18,0.0
2021-09-23,7.735840415852384e-18,0.0,0.29137986252260867,1.5259064673807087e-17,0.3707439959247723,1.5678147078551524e-17,0.25371745357371445,0.0,0.08415868797890463,2.4443029930474193e-18,0.0,0.0
2021-09-24,2.0162490141892157e-17,8.935521672468574e-18,0.14078359695913176,5.025438009741487e-19,0.5279063534011712,0.0,0.2897524222219246,0.0,0.041557627417772455,0.0,1.5825248966243647e-17,0.0
2021-09-27,0.0,6.001460979270388e-18,0.27606202776205285,0.0,0.3769224945012743,1.3877787807814457e-17,0.26103478466939534,6.938893903907228e-18,0.0859806930672776,0.0,2.337145707061121e-18,0.0
2021-09-28,0.0,3.820772069653502e-18,0.12008498447068913,0.0,0.43216348165288015,0.0,0.33061542295822033,1.734723475976807e-17,0.1091846856892182,0.0,8.869371459385635e-19,0.00795142522899225
2021-09-29,0.0,1.3351007946376599e-17,0.13234671702302328,0.0,0.4183301330165754,2.651242196431821e-19,0.34177921252510596,1.0041113700346163e-18,0.10462350887502064,1.7594275024947985e-19,5.20321664076184e-18,0.0029204285602746245
2021-09-30,1.0516202191160126e-17,0.0,0.10610286329837092,0.0,0.4200275599824103,5.0216293464236636e-18,0.373997118686809,0.0,0.08448098608055872,0.0,0.0,0.015391471951851182
2021-10-01,5.007715291813477e-18,0.0,0.0868984943574888,3.759186706224195e-17,0.42085966803006286,0.0,0.3987858001954678,0.0,0.07446287138400165,1.9781900711553802e-18,0.0,0.01899316603297911
2021-10-04,0.0,0.0,0.07554394741769485,3.8887085493746604e-18,0.42040501784103884,0.0,0.4008785564220895,7.067179362932634e-18,0.07493717075632837,6.139826509399526e-18,4.850194593516414e-18,0.028235307562848408
2021-10-05,0.0,1.2825057729793926e-17,0.038416603672087615,3.112874865436526e-17,0.4792654414879338,0.0,0.4471041764843449,1.0006951501085815e-17,0.01595076827951342,1.3227972047361374e-17,0.0,0.019263010076120107
2021-10-06,0.0,0.0,0.019846878414325947,4.5803892479017626e-17,0.49113665559192327,0.0,0.46786063078829815,0.0,0.002682664725330807,1.3391532265658963e-17,0.0,0.018473170480121818
2021-10-07,1.768719529923809e-17,0.0,0.07030881299042636,1.3052110934307726e-18,0.4727856336372568,1.7328014085003603e-17,0.456905553372317,7.880010817226394e-18,0.0,1.1539820168863239e-18,1.3419994037756041e-17,0.0
2021-10-08,0.0,1.5973995743398632e-17,0.07675296106124507,9.763575905362978e-18,0.4786879427188348,0.0,0.4401526946451779,2.3867312044232195e-18,0.0044064015747423,1.8361110662401055e-17,0.0,1.3215257517258307e-17
2021-10-11,1.602468905319637e-17,2.3457859753451132e-17,0.09913765873708251,0.0,0.46578035644484117,9.927677651653145e-18,0.3937008246388168,4.4905260291689876e-18,0.023865264209178772,0.0,4.902122757557204e-18,0.01751589597008068
2021-10-12,5.007715329123863e-18,0.0,0.23731868645746207,1.6193486769191897e-17,0.35560692599035154,1.3359350968389032e-17,0.3323524774101542,0.0,0.06805368996745162,0.0,1.519086513281794e-18,0.006668220174580623
2021-10-13,6.259644161404833e-18,1.4153984927616592e-17,0.17941815878586234,0.0,0.36538247607805596,3.2659350690747104e-18,0.33782564748208066,1.7713033523052595e-17,0.0741812320502116,5.761810785331439e-19,0.0,0.043192485603789556
2021-10-14,2.403703357979455e-17,3.93463817503312e-18,0.22898186960732578,7.329560334346248e-18,0.3499440576430989,0.0,0.3168434972977162,0.027431849879016673,0.07679872557284256,0.0,6.20998604399828e-18,1.3877787807814457e-17
2021-10-15,0.0,0.0,0.21609252863426157,0.0,0.35285050815985447,8.745547262276767e-19,0.3108726452280447,0.03403032721169834,0.08615399076614086,3.742041173391517e-18,5.3360842938966774e-18,0.0
2021-10-18,0.0,0.0,0.2164264773486692,0.0,0.35078257384771233,0.0,0.2925110272586796,0.036462316893895,0.09191972905150911,0.0,0.0,0.011897875599534806
2021-10-19,0.0,1.9900413160615954e-18,0.2311554644778726,1.0697502402820998e-17,0.2770427670262826,0.0,0.24815455620747134,0.08309065623455916,0.09893271545754737,0.0,4.962296292463837e-18,0.061623840596267035
2021-10-20,1.652546058610875e-17,0.0,0.22471418912020805,5.007106344765994e-18,0.2739426487733906,1.3010426069826053e-17,0.25188643335594896,0.08242180210856687,0.09777906781477215,0.0,0.0,0.06925585882711341
2021-10-21,2.3160683397197895e-17,0.0,0.21894789740867895,0.0,0.2750656431897914,3.469446951953614e-18,0.25545032680303587,0.08415427208002009,0.09955230792220628,5.490608331695405e-19,0.0,0.0668295525962675
2021-10-22,1.0015430658247728e-18,0.0,0.20228039484635174,6.1225391202006765e-18,0.27240938864415515,0.01221827354880868,0.2624185038436015,0.07873496159388911,0.10032321445242626,7.418542254556625e-18,0.007233384849549266,0.06438187822121841
2021-10-25,0.0,2.5563683671354223e-18,0.2050734370674942,8.728550955705863e-19,0.27501290719701454,0.011479603559027211,0.27552539822603084,0.07679957912155681,0.09742786995370747,4.949734219318267e-18,0.0038293864401955707,0.05485181843497356
2021-10-26,0.0,0.0,0.10924584693748655,4.355341579223787e-18,0.29514092994231805,0.0,0.3315867527122579,0.05283170654522622,0.1342503270801163,3.2866971646050807e-18,0.002700325704372935,0.07424411107822214
2021-10-27,0.0,0.0,0.10713141329578128,0.0,0.3149563946413969,0.0,0.37852141428521746,0.01587552185794691,0.12041365598653088,6.849766802359964e-18,0.0048723821000053735,0.05822921783312118
2021-10-28,8.763501760673579e-18,0.0,0.12223166558548525,0.0,0.32877494643551697,0.01131144684348598,0.39875765545269,4.397954986833523e-19,0.09943739996086479,0.014739342956604954,1.7332635824321358e-18,0.02474754276535219
2021-10-29,6.869959467141774e-18,0.0,0.09761185036827259,0.0,0.33031766808375695,2.029459532649745e-17,0.41960636991553024,0.0032287586603596003,0.10526848715001587,0.008491080330365507,0.003089504947975534,0.03238628054372381
2021-11-01,2.197135100653095e-17,0.0,0.09312189743759917,1.937032530717302e-17,0.3459939017823745,0.0,0.4242438772447302,6.709156991146418e-18,0.0990467596150669,0.014710493214226149,0.00422580800752551,0.018657262698477485
2021-11-02,0.0,7.974462945990368e-18,0.10437166949569761,5.015586865234141e-18,0.33607334866026767,0.0,0.4097512556708581,0.0,0.09107776075119467,1.5578391916089557e-17,0.010787285501834679,0.04793867992014738
2021-11-03,0.0,3.981339430785245e-18,0.09524808415061817,0.0,0.3161607294697386,0.017479683108422774,0.4095733873824056,0.0031090354040212063,0.101072980958526,1.675304361364655e-18,0.018105505212590297,0.03925059431367739
2021-11-04,3.3802078471586086e-18,0.0,0.11745929261220804,0.0,0.29737295598479674,0.04196480722448831,0.3867293252033646,0.007220605597790359,0.09836709454431374,5.325399231839308e-18,0.022785510983824482,0.02810040784921369
2021-11-05,2.0030861316495456e-18,0.0,0.1298614567579246,0.0,0.2834572922346622,0.07127232631815995,0.3614708233653866,0.017920962459955857,0.08066291242605912,0.0,0.027435077699968738,0.027919148737883037
2021-11-08,0.007627016815554125,0.0020605971794861707,0.1520892092851494,3.7947076036992655e-19,0.2675091883531843,0.09478998046253795,0.32748553719978263,0.029367619900975892,0.06879405714334016,1.0842021724855044e-19,0.030482306128337248,0.01979448753165215
2021-11-09,0.010939137379913838,0.0,0.1614196242873886,0.0016583182153933399,0.2837073493173174,0.0856951147567804,0.33231995660335717,0.024091940082642826,0.0693160252454193,2.168404344971009e-18,0.030852534111786945,3.469446951953614e-18
2021-11-10,0.014907781539501919,2.168404344971009e-18,0.17135817610610374,0.0,0.28378480932460926,0.08613412428709391,0.33026597386896783,0.016030042891628963,0.07059354912410216,5.421010862427522e-20,0.026925542857992087,0.0
2021-11-11,0.016685413089035633,0.0,0.19228866143649315,1.734723475976807e-18,0.2762887459173465,0.08448245935820355,0.31692015272843915,2.927345865710862e-18,0.07176165022608756,1.1926223897340549e-18,0.026066377088592607,0.015506540155801956
2021-11-12,0.024068165502513818,0.0036621733562548805,0.1915697772687456,2.710505431213761e-19,0.26132842838538256,0.0999219229853633,0.3054843862159128,1.6805133673525319e-18,0.06783054737725432,1.951563910473908e-18,0.024366703973464146,0.021767894935108622
2021-11-15,0.016120310974544073,0.0031738309827222897,0.18934662222015305,0.0,0.2627934789613874,0.10255952875818031,0.32032802618029443,9.486769009248164e-20,0.06355501886591108,6.844026213814747e-19,0.022260706292861948,0.019862476763945362
2021-11-16,0.04095323035445812,3.0357660829594124e-18,0.21278426294690145,0.0,0.23511592487382424,0.11725383372920328,0.2552605163506249,0.036777647724905965,0.0651689495412171,0.0,0.009889947698921034,0.026795686779943734
2021-11-17,0.0619646456556962,0.015891251856958402,0.20755591466566925,0.0,0.22301925700979058,0.12443128432368977,0.2523394973648577,0.034652725115832464,0.060579355759299895,0.0,4.607859233063394e-19,0.019566068248205698
2021-11-18,0.06761003279354824,0.019858243972060263,0.21075263502044136,0.0,0.21987505907312174,0.12573293553924922,0.2535391519410031,0.0332211833543478,0.057388653742847025,0.0,0.0,0.012022104563381318
2021-11-19,0.07188983332648205,0.02261668716283049,0.20499753006527352,0.0,0.21840175143532334,0.12784968394651755,0.2615786334530367,0.027459971854608616,0.05546300509312246,1.734723475976807e-18,0.0,0.009742903662805336
2021-11-22,0.06537814626366889,0.023685746646185047,0.20802437400158824,8.673617379884035e-19,0.2242331331500344,0.12101126949597027,0.26925481666461154,0.02955979638102569,0.05239574315301531,0.0,0.0005054842806076136,0.005951489963293058
2021-11-23,0.06421261350140124,0.025983249797273122,0.2001015268471329,0.002318069801761906,0.2383105488651767,0.09880518389833814,0.33118628561850094,0.0,0.037223536419113176,6.505213034913027e-19,0.0,0.001858985251301979
2021-11-24,0.0612928835317524,0.017536098804043266,0.20816188458845616,4.336808689942018e-18,0.23468494287130245,0.06560270854585815,0.38110663686617,0.0,0.02426210465403031,2.168404344971009e-19,0.0,0.007352740138387126
2021-11-26,0.04755370144342712,0.008262193355028216,0.22755845841708075,0.0,0.21936809397219573,0.05308968250269682,0.3985359664790153,1.938011383317839e-18,0.03777294419795563,0.00031461898202721,1.2197274440461925e-19,0.007544340650573113
2021-11-29,0.0,5.338939634415925e-19,0.23514458006338448,0.005264394224627237,0.20197882350732096,0.0032327441119327028,0.44104001424031714,3.260182798336519e-18,0.0813338917578487,8.547757886185186e-19,0.020250958287064445,0.011754593807504349
2021-11-30,2.1019394797133047e-18,4.581455994255072e-19,0.21958823065526845,2.6046530194107614e-19,0.24695859917006088,0.0,0.42713619331597413,0.0,0.09606294180861305,1.1550443566724658e-20,0.01025403505008359,0.0
2021-12-01,0.0,5.080653962037554e-18,0.2261816991889491,3.082733977820366e-18,0.292991705191644,0.0,0.374962462747438,1.0037755985131636e-17,0.10586413287196896,0.0,3.551653597233686e-18,1.734723475976807e-18
2021-12-02,0.0,0.0,0.21778988787716586,5.13246744614625e-18,0.3376101608301805,0.0,0.37165882565952746,7.919226621135749e-18,0.07294112563312635,0.0,0.0,7.343936255664127e-18
2021-12-03,0.0,0.0,0.2094112114670604,1.1088026251406762e-17,0.3848428131591773,6.535632331533871e-18,0.3800318818345263,1.925119113315743e-17,0.025714093539236146,4.973895350653067e-18,0.0,0.0
2021-12-06,0.0,0.0,0.17799730574385186,7.628449689963434e-18,0.4503274610073512,5.125761207810346e-18,0.37167523324879687,5.360087019396684e-17,3.711545391868479e-17,4.1651129368212126e-18,0.0,1.2448875124731195e-17
2021-12-07,3.610001269999496e-19,0.0,0.18160599955230272,1.974610673175969e-17,0.45333643675554725,5.116250503423071e-18,0.36364729781654126,2.897215260210648e-17,0.0014102658756086316,9.59911708096093e-18,2.732239757342075e-18,6.808195029129852e-19
2021-12-08,1.3721639970235272e-17,7.04210194725842e-18,0.19294321414293053,0.0,0.4149048177723674,0.0,0.34540336824234724,0.0,0.046748599842354965,0.0,5.7351760029579105e-18,5.314517937434225e-18
2021-12-09,9.350111579677209e-18,2.903865269325852e-18,0.1975010487550989,0.0,0.3820402341327442,1.935014313084864e-18,0.3300795283110192,2.2520720828312936e-17,0.09037918880113781,0.0,6.802325084532107e-18,0.0
2021-12-10,0.0,0.0,0.18622583156043088,0.0,0.37146934856591324,1.3601223202555541e-17,0.3473266577811928,2.3285195859485937e-17,0.09497816209246318,9.227467427803007e-19,1.079245368098791e-18,0.0
2021-12-13,9.890237775019628e-18,0.0,0.18686710794332073,0.0,0.34792728327020206,7.806255641895632e-18,0.3388027817459517,6.646993243743787e-18,0.0899771025613022,2.257822573461491e-19,0.0,0.0364257244792232
2021-12-14,2.6290505477900207e-18,3.612815578304037e-18,0.20303273731439203,0.0,0.3056981917305611,0.055085169107614865,0.3101930637369754,0.0,0.1073373320264945,2.2346027370437926e-18,0.0,0.018653506083962035
2021-12-15,0.0,0.0,0.17165697106883504,5.28173479113222e-18,0.30045902922460616,0.036765329101899495,0.35055664622139315,0.0,0.10957896368520934,5.516851420249768e-18,0.0,0.030983060698056793
2021-12-16,0.0,0.0,0.16580020042716628,8.455862590837169e-18,0.32031827598231727,2.9099751627305376e-18,0.363963468423433,0.0,0.12279307994982236,2.212964103545745e-18,0.0,0.027124975217260927
2021-12-17,0.0,2.1825250097604426e-19,0.1985276585353531,1.54018094041611e-18,0.3174572455432348,7.265969605091763e-18,0.33157599434906504,0.0,0.12262333733659772,0.0,0.0,0.029815764235749446
2021-12-21,4.853180363889171e-18,9.668964184814045e-18,0.24715843486861838,0.0,0.31713431803026787,4.568866893023333e-17,0.29311627359060344,0.0,0.11385437892203888,0.0,5.6062687052765666e-18,0.028736594588471522
2021-12-22,2.0030861316495453e-18,7.915264264280352e-18,0.2656054722516467,0.0,0.3120987208738166,4.048390679594814e-18,0.27445330053670586,1.6011469383166042e-17,0.1091425621504399,0.0,5.393434678828138e-18,0.038699944187391026
2021-12-23,2.0030861316495387e-18,8.77166012763687e-18,0.2514789622377377,0.0,0.3008016969521497,6.047152385943993e-18,0.2885721474827555,0.0,0.11285761113055554,5.517623144206767e-18,1.8453765870317274e-19,0.04628958219680148
2021-12-27,1.5023145875440407e-18,0.0,0.28063467675489534,1.0381067257110213e-18,0.286058920197838,0.03047182239105578,0.25683548628387076,2.3280173142325973e-17,0.09127222029687367,0.010336869587047968,0.0,0.04439000448841856
2021-12-28,3.380207847158606e-18,0.0,0.2722517847938435,2.3077402036459266e-18,0.28572323796496524,0.03173289568056423,0.25483508271156463,0.0,0.09468786728750671,0.016581709027965727,2.005494300416863e-18,0.04418742253358998
2021-12-29,4.131365146527189e-18,0.0,0.2807303855935502,0.0,0.2905732647194694,0.020326133226566342,0.25105411506692976,6.519283187830266e-18,0.09175882111760329,0.027650538836880553,7.6331951982360465e-19,0.03790674143900045
2021-12-30,2.5038576645619186e-19,1.2217407975388866e-18,0.27683756845425816,0.0,0.2920899010161249,0.021638259819363556,0.25010067781043605,1.5397479063474113e-17,0.09449592192168868,0.029376055005765275,0.0,0.035461615972363456
2021-12-31,0.0,0.0,0.28393055282785945,0.0,0.27864657510938484,0.05447625567143599,0.21757097591216898,0.04715290287771053,0.08354500648183488,0.004205968647337371,0.0,0.030471762472268054
